{"cameraMode":{"drawMode":0,"name":"Shaded","section":"Shading Mode"},"sceneLighting":false,"audioPlay":false,"sceneViewState":{"showFog":true,"showMaterialUpdate":false,"showSkybox":false,"showFlares":true,"showImageEffects":true,"showParticleSystems":true},"in2DMode":false,"pivot":{"x":-1.0,"y":13.176920890808106,"z":-19.81999969482422},"rotation":{"x":0.011953040957450867,"y":-0.0883789137005806,"z":0.0010603448608890176,"w":0.9960146546363831},"size":27.113140106201173,"orthographic":false}