{"cameraMode":{"drawMode":0,"name":"Shaded","section":"Shading Mode"},"sceneLighting":false,"audioPlay":false,"sceneViewState":{"showFog":true,"showMaterialUpdate":false,"showSkybox":false,"showFlares":true,"showImageEffects":true,"showParticleSystems":true},"in2DMode":false,"pivot":{"x":-5.879231929779053,"y":11.420000076293946,"z":-26.508121490478517},"rotation":{"x":0.12822242081165315,"y":-0.08024056255817414,"z":0.010408538393676281,"w":0.9884392619132996},"size":26.596519470214845,"orthographic":false}