{"cameraMode":{"drawMode":0,"name":"Shaded","section":"Shading Mode"},"sceneLighting":false,"audioPlay":false,"sceneViewState":{"showFog":true,"showMaterialUpdate":false,"showSkybox":false,"showFlares":true,"showImageEffects":true,"showParticleSystems":true},"in2DMode":false,"pivot":{"x":-17.72454071044922,"y":14.993514060974121,"z":-34.90906524658203},"rotation":{"x":0.032968875020742419,"y":0.040464848279953,"z":-0.0013363511534407735,"w":0.99863600730896},"size":42.5526123046875,"orthographic":false}