{"cameraMode":{"drawMode":0,"name":"Shaded","section":"Shading Mode"},"sceneLighting":true,"audioPlay":false,"sceneViewState":{"showFog":true,"showMaterialUpdate":false,"showSkybox":true,"showFlares":true,"showImageEffects":true,"showParticleSystems":true},"in2DMode":false,"pivot":{"x":297.22235107421877,"y":246.49168395996095,"z":173.88218688964845},"rotation":{"x":-0.14170585572719575,"y":0.7371253371238709,"z":-0.16314104199409486,"w":-0.6402739882469177},"size":201.35719299316407,"orthographic":false}